{
    "timestamp": "20250320_193810",
    "config": {
        "selected_band": "ALL",
        "sample_rate": 2048000,
        "frequency_step": 2500000,
        "samples_per_scan": 8192,
        "gain": 29.7,
        "freq_correction": -1,
        "log_directory": "logs",
        "test_log_directory": "src/test_data/",
        "num_passes_for_average": 3,
        "test_mode": false,
        "flask_mode": true,
        "gain_values": [
            0.0,
            0.9,
            1.4,
            2.7,
            3.7,
            7.7,
            8.7,
            12.5,
            14.4,
            15.7,
            16.6,
            19.7,
            20.7,
            22.9,
            25.4,
            28.0,
            29.7,
            32.8,
            33.8,
            36.4,
            37.2,
            38.6,
            40.2,
            42.1,
            43.4,
            43.9,
            44.5,
            48.0,
            49.6
        ]
    },
    "frequencies": [
        470000000,
        472500000,
        475000000,
        477500000,
        480000000,
        482500000,
        485000000,
        487500000,
        490000000,
        492500000,
        495000000,
        497500000,
        500000000,
        502500000,
        505000000,
        507500000,
        510000000,
        512500000,
        515000000,
        517500000,
        520000000,
        522500000,
        525000000,
        527500000,
        530000000,
        532500000,
        535000000,
        537500000,
        540000000,
        542500000,
        545000000,
        547500000,
        550000000,
        552500000,
        555000000,
        557500000,
        560000000,
        562500000,
        565000000,
        567500000,
        570000000,
        572500000,
        575000000,
        577500000,
        580000000,
        582500000,
        585000000,
        587500000,
        590000000,
        592500000,
        595000000,
        597500000,
        600000000,
        602500000,
        605000000,
        607500000,
        610000000,
        612500000,
        615000000,
        617500000
    ],
    "power_levels": [
        292.2905593164709,
        93.51841814541565,
        77.76338250449575,
        33.99420954381239,
        108.4412720952485,
        23.13934913536404,
        27.29126216443747,
        12.777343680680309,
        135.35829710128573,
        43.943228148065934,
        11.045806789774648,
        11.031381981616361,
        168.3267454228406,
        52.55250341605802,
        16.660444786954812,
        16.837069001226844,
        13.560919672983667,
        78.10061867307435,
        25.354689705602702,
        16.584688726880213,
        19.944115929084838,
        8.84916105660625,
        22.065396308715872,
        10.271666088323313,
        14.687050444143884,
        29.750773351690714,
        23.548134152450302,
        19.045949095785364,
        37.80110113014767,
        17.226539014340617,
        18.672858518932447,
        252.3594655948617,
        71.49640845589592,
        49.280895497680376,
        1028.1275918166439,
        293.73683455706947,
        885.9168886875048,
        280.8648410498404,
        66.9541325449162,
        58.882421102760944,
        56.9780500562085,
        479.9639872126458,
        133.72827498694184,
        388.0545013166935,
        128.05858448876273,
        37.33288063607537,
        104.02257160945847,
        30.939401234267486,
        6513.325220110725,
        2021.2720900984818,
        47.652592252101115,
        22.585111671921663,
        5805.289406534431,
        1903.4756856646295,
        10.483228291519653,
        18.660747594367695,
        5.421755452879939,
        10.912859537839116,
        5269.6697236907285,
        1859.6736592907641
    ],
    "location": {
        "city": "Unknown",
        "venue": "Unknown",
        "zip_code": "Unknown"
    }
}