{
    "timestamp": "20250320_193814",
    "config": {
        "selected_band": "ALL",
        "sample_rate": 2048000,
        "frequency_step": 2500000,
        "samples_per_scan": 8192,
        "gain": 29.7,
        "freq_correction": -1,
        "log_directory": "logs",
        "test_log_directory": "src/test_data/",
        "num_passes_for_average": 3,
        "test_mode": false,
        "flask_mode": true,
        "gain_values": [
            0.0,
            0.9,
            1.4,
            2.7,
            3.7,
            7.7,
            8.7,
            12.5,
            14.4,
            15.7,
            16.6,
            19.7,
            20.7,
            22.9,
            25.4,
            28.0,
            29.7,
            32.8,
            33.8,
            36.4,
            37.2,
            38.6,
            40.2,
            42.1,
            43.4,
            43.9,
            44.5,
            48.0,
            49.6
        ]
    },
    "frequencies": [
        470000000,
        472500000,
        475000000,
        477500000,
        480000000,
        482500000,
        485000000,
        487500000,
        490000000,
        492500000,
        495000000,
        497500000,
        500000000,
        502500000,
        505000000,
        507500000,
        510000000,
        512500000,
        515000000,
        517500000,
        520000000,
        522500000,
        525000000,
        527500000,
        530000000,
        532500000,
        535000000,
        537500000,
        540000000,
        542500000,
        545000000,
        547500000,
        550000000,
        552500000,
        555000000,
        557500000,
        560000000,
        562500000,
        565000000,
        567500000,
        570000000,
        572500000,
        575000000,
        577500000,
        580000000,
        582500000,
        585000000,
        587500000,
        590000000,
        592500000,
        595000000,
        597500000,
        600000000,
        602500000,
        605000000,
        607500000,
        610000000,
        612500000,
        615000000,
        617500000
    ],
    "power_levels": [
        287.7130513281744,
        105.55007713073272,
        70.97974321766065,
        35.59419462523713,
        104.99033907049899,
        24.432029207729325,
        26.703015750334462,
        11.802071003675925,
        85.98810508234985,
        45.148889686162796,
        12.770083693585535,
        7.809896185236028,
        171.16988991059586,
        58.54714346299482,
        18.354551424382063,
        16.96602523972526,
        10.821054503592748,
        60.956324682470516,
        21.79489628265132,
        16.841900113553354,
        20.017325535777665,
        8.838327804538574,
        21.494401036338893,
        10.298322720309944,
        13.230448531364077,
        29.575754252796465,
        22.684107480731633,
        17.88263456204072,
        36.27528528415517,
        17.57762919724541,
        19.4743569381079,
        188.51618549997676,
        60.40029157382066,
        50.93271772679344,
        904.756299423863,
        303.2811197502662,
        808.5665394312225,
        267.38102793378323,
        53.87296925092158,
        51.74531404259581,
        73.79712172033506,
        442.910152694855,
        138.5982502884596,
        445.9126706684239,
        128.84699928495797,
        39.347523843857644,
        96.57019971639757,
        33.826637253541136,
        6600.772914651224,
        1897.0348315426083,
        52.792821705850294,
        33.00149953171688,
        5817.321126786216,
        1912.397369986244,
        10.115056587942947,
        16.359916774518776,
        5.243279734202338,
        11.746819496444626,
        6412.834544153747,
        1887.6723628402608
    ],
    "location": {
        "city": "Unknown",
        "venue": "Unknown",
        "zip_code": "Unknown"
    }
}