{
    "timestamp": "20250320_193818",
    "config": {
        "selected_band": "ALL",
        "sample_rate": 2048000,
        "frequency_step": 2500000,
        "samples_per_scan": 8192,
        "gain": 29.7,
        "freq_correction": -1,
        "log_directory": "logs",
        "test_log_directory": "src/test_data/",
        "num_passes_for_average": 3,
        "test_mode": false,
        "flask_mode": true,
        "gain_values": [
            0.0,
            0.9,
            1.4,
            2.7,
            3.7,
            7.7,
            8.7,
            12.5,
            14.4,
            15.7,
            16.6,
            19.7,
            20.7,
            22.9,
            25.4,
            28.0,
            29.7,
            32.8,
            33.8,
            36.4,
            37.2,
            38.6,
            40.2,
            42.1,
            43.4,
            43.9,
            44.5,
            48.0,
            49.6
        ]
    },
    "frequencies": [
        470000000,
        472500000,
        475000000,
        477500000,
        480000000,
        482500000,
        485000000,
        487500000,
        490000000,
        492500000,
        495000000,
        497500000,
        500000000,
        502500000,
        505000000,
        507500000,
        510000000,
        512500000,
        515000000,
        517500000,
        520000000,
        522500000,
        525000000,
        527500000,
        530000000,
        532500000,
        535000000,
        537500000,
        540000000,
        542500000,
        545000000,
        547500000,
        550000000,
        552500000,
        555000000,
        557500000,
        560000000,
        562500000,
        565000000,
        567500000,
        570000000,
        572500000,
        575000000,
        577500000,
        580000000,
        582500000,
        585000000,
        587500000,
        590000000,
        592500000,
        595000000,
        597500000,
        600000000,
        602500000,
        605000000,
        607500000,
        610000000,
        612500000,
        615000000,
        617500000
    ],
    "power_levels": [
        225.8129910498667,
        96.66043337586852,
        66.88710704218367,
        29.405353361033402,
        91.61403444962973,
        24.747607214574682,
        32.569411878135405,
        14.922254684535064,
        114.7997028807434,
        51.758054736153646,
        11.484471260499145,
        8.330094050776424,
        167.83472849958517,
        52.83410792329077,
        19.902423720931363,
        15.22625907590023,
        13.759032793813669,
        68.51605309933136,
        24.154512036828898,
        13.875985794669862,
        19.577859525894244,
        10.532543297641585,
        20.93260005422886,
        8.194034316728974,
        14.57073924867725,
        30.229921228487655,
        24.334323707174285,
        19.596330439328174,
        36.30102337681004,
        16.62941245702513,
        17.555761899333685,
        225.9854289507808,
        68.69414695691474,
        43.37893998146932,
        869.007181865855,
        274.4888638049059,
        814.9934015372999,
        236.3057929850198,
        59.71077066203819,
        56.74112059678908,
        76.34221250103255,
        525.8806229826761,
        162.33896778665616,
        387.7198850301888,
        125.51252574485021,
        38.845417569645925,
        184.696864717359,
        65.50141696963935,
        6553.5836395255465,
        1916.7856033774021,
        53.91591431778201,
        19.361985637698744,
        5812.304608151048,
        1905.0374355301046,
        10.629368607015845,
        16.403283598863627,
        4.784127363038987,
        11.349975458917857,
        6297.714012062827,
        1898.558227107377
    ],
    "location": {
        "city": "Unknown",
        "venue": "Unknown",
        "zip_code": "Unknown"
    }
}